date,doy,electron_activity,proton_activity,flare,cme,missing_data,missing_pct,units
2017-07-01,182,Low,Low,No,No,No,0,particles/sq cm.sec.sr
2017-07-02,183,Low,Low,No,No,No,0,particles/sq cm.sec.sr
2017-07-03,184,Medium,Medium,No,No,No,0,particles/sq cm.sec.sr
2017-07-04,185,Low,Low,No,No,No,0,particles/sq cm.sec.sr
2017-07-05,186,Low,Low,No,No,No,0,particles/sq cm.sec.sr
2017-07-06,187,Low,Low,No,No,No,0,particles/sq cm.sec.sr
2017-07-07,188,Low,Low,No,No,No,0,particles/sq cm.sec.sr
2017-07-08,189,Low,Low,No,No,No,0,particles/sq cm.sec.sr
2017-07-09,190,Low,Low,No,No,No,0,particles/sq cm.sec.sr
2017-07-10,191,Low,Low,No,No,No,0,particles/sq cm.sec.sr
2017-07-11,192,Low,Low,No,No,No,0,particles/sq cm.sec.sr
2017-07-12,193,Medium,Medium,No,No,No,0,particles/sq cm.sec.sr
2017-07-13,194,Low,Low,No,No,No,0,particles/sq cm.sec.sr
2017-07-14,195,Low,Low,No,No,No,0,particles/sq cm.sec.sr
2017-07-15,196,Low,Low,No,No,No,0,particles/sq cm.sec.sr
2017-07-16,197,Low,Low,No,No,No,0,particles/sq cm.sec.sr
2017-07-17,198,High,Medium,No,No,No,0,particles/sq cm.sec.sr
2017-07-18,199,High,Medium,No,No,No,0,particles/sq cm.sec.sr
2017-07-19,200,Low,Low,No,No,No,0,particles/sq cm.sec.sr
2017-07-20,201,High,Medium,No,No,No,0,particles/sq cm.sec.sr
2017-07-21,202,Low,Low,No,No,No,0,particles/sq cm.sec.sr
2017-07-22,203,Low,Low,No,No,No,0,particles/sq cm.sec.sr
2017-07-23,204,Medium,Medium,No,No,No,0,particles/sq cm.sec.sr
2017-07-25,206,High,Medium,No,No,No,0,particles/sq cm.sec.sr
2017-07-26,207,High,Medium,No,No,No,0,particles/sq cm.sec.sr
2017-07-27,208,High,Medium,No,No,No,0,particles/sq cm.sec.sr
2017-07-28,209,High,Medium,No,No,No,0,particles/sq cm.sec.sr
2017-07-29,210,High,Medium,No,No,No,0,particles/sq cm.sec.sr
2017-07-30,211,Low,Low,No,No,No,0,particles/sq cm.sec.sr
2017-07-31,212,Low,Low,No,No,No,0,particles/sq cm.sec.sr
2017-08-01,213,High,Medium,No,No,No,0,particles/sq cm.sec.sr
2017-08-02,214,Low,Low,No,No,No,0,particles/sq cm.sec.sr
2017-08-03,215,Low,Low,No,No,No,0,particles/sq cm.sec.sr
2017-08-04,216,Low,Low,No,No,No,0,particles/sq cm.sec.sr
2017-08-05,217,Low,Low,No,No,No,0,particles/sq cm.sec.sr
2017-08-06,218,High,Medium,No,No,No,0,particles/sq cm.sec.sr
2017-08-07,219,High,Medium,No,No,No,0,particles/sq cm.sec.sr
2017-08-08,220,High,Medium,No,No,No,0,particles/sq cm.sec.sr
2017-08-09,221,High,Medium,No,No,No,0,particles/sq cm.sec.sr
2017-08-10,222,Low,Low,No,No,No,0,particles/sq cm.sec.sr
2017-08-11,223,Low,Low,No,No,No,0,particles/sq cm.sec.sr
2017-08-12,224,Low,Low,No,No,No,0,particles/sq cm.sec.sr
2017-08-13,225,Low,Low,No,No,No,0,particles/sq cm.sec.sr
2017-08-14,226,Low,Low,No,No,No,0,particles/sq cm.sec.sr
2017-08-15,227,Low,Low,No,No,No,0,particles/sq cm.sec.sr
2017-08-16,228,Low,Low,No,No,No,0,particles/sq cm.sec.sr
2017-08-17,229,Low,Low,No,No,No,0,particles/sq cm.sec.sr
2017-08-18,230,Low,Low,No,No,No,0,particles/sq cm.sec.sr
2017-08-19,231,High,Medium,No,No,No,0,particles/sq cm.sec.sr
2017-08-20,232,High,Medium,No,No,No,0,particles/sq cm.sec.sr
2017-08-21,233,High,Medium,No,No,No,0,particles/sq cm.sec.sr
2017-08-22,234,High,Medium,No,No,No,0,particles/sq cm.sec.sr
2017-08-23,235,High,Medium,No,No,No,0,particles/sq cm.sec.sr
2017-08-24,236,High,Medium,No,No,No,0,particles/sq cm.sec.sr
2017-08-25,237,Low,Low,No,No,No,0,particles/sq cm.sec.sr
2017-08-26,238,Low,Low,No,No,No,0,particles/sq cm.sec.sr
2017-08-27,239,Low,Low,No,No,No,0,particles/sq cm.sec.sr
2017-08-28,240,Low,Low,No,No,No,0,particles/sq cm.sec.sr
2017-08-29,241,Low,Low,No,No,No,0,particles/sq cm.sec.sr
2017-08-30,242,Low,Low,No,No,No,0,particles/sq cm.sec.sr
2017-08-31,243,Low,Low,No,No,No,0,particles/sq cm.sec.sr
2017-09-01,244,Medium,Medium,No,No,No,0,particles/sq cm.sec.sr
2017-09-02,245,High,Medium,No,No,No,0,particles/sq cm.sec.sr
2017-09-03,246,High,Medium,No,No,No,0,particles/sq cm.sec.sr
2017-09-04,247,High,Medium,No,No,No,0,particles/sq cm.sec.sr
2017-09-05,248,Low,Low,No,No,No,0,particles/sq cm.sec.sr
2017-09-06,249,Medium,Medium,No,No,No,0,particles/sq cm.sec.sr
2017-09-07,250,High,High,No,No,No,0,particles/sq cm.sec.sr
2017-09-08,251,Medium,Medium,No,No,No,0,particles/sq cm.sec.sr
2017-09-09,252,High,Medium,No,No,No,0,particles/sq cm.sec.sr
2017-09-10,253,High,High,No,No,No,0,particles/sq cm.sec.sr
2017-09-11,254,High,High,No,No,No,0,particles/sq cm.sec.sr
2017-09-12,255,Medium,High,No,No,No,0,particles/sq cm.sec.sr
2017-09-13,256,Low,Low,No,No,No,0,particles/sq cm.sec.sr
2017-09-15,258,Medium,Medium,No,No,No,0,particles/sq cm.sec.sr
2017-09-16,259,High,Medium,No,No,No,0,particles/sq cm.sec.sr
2017-09-17,260,High,Medium,No,No,No,0,particles/sq cm.sec.sr
2017-09-18,261,High,Medium,No,No,No,0,particles/sq cm.sec.sr
2017-09-19,262,High,Medium,No,No,No,0,particles/sq cm.sec.sr
2017-09-20,263,High,Medium,No,No,No,0,particles/sq cm.sec.sr
2017-09-21,264,High,Medium,No,No,No,0,particles/sq cm.sec.sr
2017-09-22,265,High,Medium,No,No,No,0,particles/sq cm.sec.sr
2017-09-23,266,Low,Low,No,No,No,0,particles/sq cm.sec.sr
2017-09-24,267,Low,Low,No,No,No,0,particles/sq cm.sec.sr
2017-09-25,268,Low,Low,No,No,No,0,particles/sq cm.sec.sr
2017-09-26,269,Low,Low,No,No,No,0,particles/sq cm.sec.sr
2017-09-27,270,Low,Low,No,No,No,0,particles/sq cm.sec.sr
2017-09-28,271,Low,Low,No,No,No,0,particles/sq cm.sec.sr
2017-09-29,272,High,Medium,No,No,No,0,particles/sq cm.sec.sr
2017-09-30,273,High,Medium,No,No,No,0,particles/sq cm.sec.sr
2017-10-01,274,High,Medium,No,No,No,0,particles/sq cm.sec.sr
2017-10-02,275,High,Medium,No,No,No,0,particles/sq cm.sec.sr
2017-10-03,276,High,Medium,No,No,No,0,particles/sq cm.sec.sr
2017-10-04,277,Low,Low,No,No,No,0,particles/sq cm.sec.sr
2017-10-05,278,Low,Low,No,No,No,0,particles/sq cm.sec.sr
2017-10-06,279,Low,Low,No,No,No,0,particles/sq cm.sec.sr
2017-10-07,280,Low,Low,No,No,No,0,particles/sq cm.sec.sr
2017-10-08,281,Low,Low,No,No,No,0,particles/sq cm.sec.sr
2017-10-09,282,Low,Low,No,No,No,0,particles/sq cm.sec.sr
2017-10-10,283,Low,Low,No,No,No,0,particles/sq cm.sec.sr
2017-10-11,284,Low,Low,No,No,No,0,particles/sq cm.sec.sr
2017-10-12,285,Low,Low,No,No,No,0,particles/sq cm.sec.sr
2017-10-13,286,High,Medium,No,No,No,0,particles/sq cm.sec.sr
2017-10-14,287,High,Medium,No,No,No,0,particles/sq cm.sec.sr
2017-10-15,288,High,Medium,No,No,No,0,particles/sq cm.sec.sr
2017-10-16,289,High,Medium,No,No,No,0,particles/sq cm.sec.sr
2017-10-17,290,High,Medium,No,No,No,0,particles/sq cm.sec.sr
2017-10-18,291,High,Medium,No,No,No,0,particles/sq cm.sec.sr
2017-10-19,292,High,Medium,No,No,No,0,particles/sq cm.sec.sr
2017-10-20,293,Low,Low,No,No,No,0,particles/sq cm.sec.sr
2017-10-21,294,Low,Low,No,No,No,0,particles/sq cm.sec.sr
2017-10-22,295,Low,Low,No,No,No,0,particles/sq cm.sec.sr
2017-10-23,296,Low,Low,No,No,No,0,particles/sq cm.sec.sr
2017-10-24,297,Low,Low,No,No,No,0,particles/sq cm.sec.sr
2017-10-25,298,Low,Low,No,No,No,0,particles/sq cm.sec.sr
2017-10-26,299,Low,Low,No,No,No,0,particles/sq cm.sec.sr
2017-10-27,300,Low,Low,No,No,No,0,particles/sq cm.sec.sr
2017-10-28,301,Low,Low,No,No,No,0,particles/sq cm.sec.sr
2017-10-29,302,Low,Low,No,No,No,0,particles/sq cm.sec.sr
2017-10-30,303,Low,Low,No,No,No,0,particles/sq cm.sec.sr
2017-10-31,304,Low,Low,No,No,No,0,particles/sq cm.sec.sr
2017-11-01,305,Low,Low,No,No,No,0,particles/sq cm.sec.sr
2017-11-02,306,Low,Low,No,No,No,0,particles/sq cm.sec.sr
2017-11-03,307,Low,Low,No,No,No,0,particles/sq cm.sec.sr
2017-11-04,308,Low,Low,No,No,No,0,particles/sq cm.sec.sr
2017-11-05,309,Low,Low,No,No,No,0,particles/sq cm.sec.sr
2017-11-06,310,Medium,Medium,No,No,No,0,particles/sq cm.sec.sr
2017-11-07,311,Low,Low,No,No,No,0,particles/sq cm.sec.sr
2017-11-08,312,Low,Low,No,No,No,0,particles/sq cm.sec.sr
2017-11-09,313,Medium,Medium,No,No,No,0,particles/sq cm.sec.sr
2017-11-10,314,High,Medium,No,No,No,0,particles/sq cm.sec.sr
2017-11-11,315,High,Medium,No,No,No,0,particles/sq cm.sec.sr
2017-11-12,316,High,Medium,No,No,No,0,particles/sq cm.sec.sr
2017-11-13,317,High,Medium,No,No,No,0,particles/sq cm.sec.sr
2017-11-14,318,High,Medium,No,No,No,0,particles/sq cm.sec.sr
2017-11-15,319,Low,Low,No,No,No,0,particles/sq cm.sec.sr
2017-11-16,320,Low,Low,No,No,No,0,particles/sq cm.sec.sr
2017-11-17,321,Low,Low,No,No,No,0,particles/sq cm.sec.sr
2017-11-18,322,Low,Low,No,No,No,0,particles/sq cm.sec.sr
2017-11-19,323,Low,Low,No,No,No,0,particles/sq cm.sec.sr
2017-11-20,324,Low,Low,No,No,No,0,particles/sq cm.sec.sr
2017-11-21,325,Low,Low,No,No,No,0,particles/sq cm.sec.sr
2017-11-22,326,Low,Low,No,No,No,0,particles/sq cm.sec.sr
2017-11-23,327,Low,Low,No,No,No,0,particles/sq cm.sec.sr
2017-11-24,328,Low,Low,No,No,No,0,particles/sq cm.sec.sr
2017-11-25,329,Low,Low,No,No,No,0,particles/sq cm.sec.sr
2017-11-26,330,Low,Low,No,No,No,0,particles/sq cm.sec.sr
2017-11-27,331,Low,Low,No,No,No,0,particles/sq cm.sec.sr
2017-11-28,332,Low,Low,No,No,No,0,particles/sq cm.sec.sr
2017-11-29,333,Low,Low,No,No,No,0,particles/sq cm.sec.sr
2017-11-30,334,Low,Low,No,No,No,0,particles/sq cm.sec.sr
2017-12-01,335,Low,Low,No,No,No,0,particles/sq cm.sec.sr
2017-12-02,336,Low,Low,No,No,No,0,particles/sq cm.sec.sr
2017-12-03,337,Low,Low,No,No,No,0,particles/sq cm.sec.sr
2017-12-04,338,Low,Low,No,No,No,0,particles/sq cm.sec.sr
2017-12-05,339,Low,Low,No,No,No,0,particles/sq cm.sec.sr
2017-12-06,340,Low,Low,No,No,No,0,particles/sq cm.sec.sr
2017-12-07,341,Low,Low,No,No,No,0,particles/sq cm.sec.sr
2017-12-08,342,Low,Low,No,No,No,0,particles/sq cm.sec.sr
2017-12-09,343,Low,Low,No,No,No,0,particles/sq cm.sec.sr
2017-12-10,344,Low,Low,No,No,No,0,particles/sq cm.sec.sr
2017-12-11,345,Low,Low,No,No,No,0,particles/sq cm.sec.sr
2017-12-12,346,Low,Low,No,No,No,0,particles/sq cm.sec.sr
2017-12-13,347,Low,Low,No,No,No,0,particles/sq cm.sec.sr
2017-12-14,348,Low,Low,No,No,No,0,particles/sq cm.sec.sr
2017-12-15,349,Low,Low,No,No,No,0,particles/sq cm.sec.sr
2017-12-16,350,Low,Low,No,No,No,0,particles/sq cm.sec.sr
2017-12-17,351,Low,Low,No,No,No,0,particles/sq cm.sec.sr
2017-12-18,352,Low,Low,No,No,No,0,particles/sq cm.sec.sr
2017-12-19,353,Low,Low,No,No,No,0,particles/sq cm.sec.sr
2017-12-20,354,Low,Low,No,No,No,0,particles/sq cm.sec.sr
2017-12-21,355,Low,Low,No,No,No,0,particles/sq cm.sec.sr
2017-12-22,356,Low,Low,No,No,No,0,particles/sq cm.sec.sr
2017-12-23,357,Low,Low,No,No,No,0,particles/sq cm.sec.sr
2017-12-24,358,Low,Low,No,No,No,0,particles/sq cm.sec.sr
2017-12-25,359,Low,Low,No,No,No,0,particles/sq cm.sec.sr
2017-12-26,360,Low,Low,No,No,No,0,particles/sq cm.sec.sr
2017-12-27,361,Low,Low,No,No,No,0,particles/sq cm.sec.sr
2017-12-28,362,Low,Low,No,No,No,0,particles/sq cm.sec.sr
2017-12-29,363,Low,Low,No,No,No,0,particles/sq cm.sec.sr
2017-12-30,364,Low,Low,No,No,No,0,particles/sq cm.sec.sr
2017-12-31,365,Low,Low,No,No,No,0,particles/sq cm.sec.sr
2018-01-01,1,Low,Low,No,No,No,0,particles/sq cm.sec.sr
2018-01-02,2,Low,Low,No,No,No,0,particles/sq cm.sec.sr
2018-01-03,3,Low,Low,No,No,No,0,particles/sq cm.sec.sr
2018-01-04,4,Low,Low,No,No,No,0,particles/sq cm.sec.sr
2018-01-05,5,Low,Low,No,No,No,0,particles/sq cm.sec.sr
2018-01-06,6,Low,Low,No,No,No,0,particles/sq cm.sec.sr
2018-01-07,7,Low,Low,No,No,No,0,particles/sq cm.sec.sr
2018-01-08,8,Low,Low,No,No,No,0,particles/sq cm.sec.sr
2018-01-09,9,Low,Low,No,No,No,0,particles/sq cm.sec.sr
2018-01-10,10,Low,Low,No,No,No,0,particles/sq cm.sec.sr
2018-01-11,11,Low,Low,No,No,No,0,particles/sq cm.sec.sr
2018-01-12,12,Low,Low,No,No,No,0,particles/sq cm.sec.sr
2018-01-13,13,Low,Low,No,No,No,0,particles/sq cm.sec.sr
2018-01-14,14,Low,Low,No,No,No,0,particles/sq cm.sec.sr
2018-01-15,15,Low,Low,No,No,No,0,particles/sq cm.sec.sr
2018-01-16,16,Low,Low,No,No,No,0,particles/sq cm.sec.sr
2018-01-17,17,Low,Low,No,No,No,0,particles/sq cm.sec.sr
2018-01-18,18,Low,Low,No,No,No,0,particles/sq cm.sec.sr
2018-01-19,19,Low,Low,No,No,No,0,particles/sq cm.sec.sr
2018-01-20,20,Low,Low,No,No,No,0,particles/sq cm.sec.sr
2018-01-21,21,Low,Low,No,No,No,0,particles/sq cm.sec.sr
2018-01-22,22,Low,Low,No,No,No,0,particles/sq cm.sec.sr
2018-01-23,23,Low,Low,No,No,No,0,particles/sq cm.sec.sr
2018-01-24,24,Low,Low,No,No,No,0,particles/sq cm.sec.sr
2018-01-25,25,Low,Low,No,No,No,0,particles/sq cm.sec.sr
2018-01-26,26,Low,Low,No,No,No,0,particles/sq cm.sec.sr
2018-01-27,27,Low,Low,No,No,No,0,particles/sq cm.sec.sr
2018-01-28,28,Low,Low,No,No,No,0,particles/sq cm.sec.sr
2018-01-29,29,Low,Low,No,No,No,0,particles/sq cm.sec.sr
2018-01-30,30,Low,Low,No,No,No,0,particles/sq cm.sec.sr
2018-01-31,31,Low,Low,No,No,No,0,particles/sq cm.sec.sr
2018-02-01,32,Low,Low,No,No,No,0,particles/sq cm.sec.sr
2018-02-02,33,Low,Low,No,No,No,0,particles/sq cm.sec.sr
2018-02-03,34,Low,Low,No,No,No,0,particles/sq cm.sec.sr
2018-02-04,35,Low,Low,No,No,No,0,particles/sq cm.sec.sr
2018-02-05,36,Low,Low,No,No,No,0,particles/sq cm.sec.sr
2018-02-06,37,Medium,Medium,No,No,No,0,particles/sq cm.sec.sr
2018-02-07,38,Low,Low,No,No,No,0,particles/sq cm.sec.sr
2018-02-08,39,Low,Low,No,No,No,0,particles/sq cm.sec.sr
2018-02-09,40,Low,Low,No,No,No,0,particles/sq cm.sec.sr
2018-02-10,41,Low,Low,No,No,No,0,particles/sq cm.sec.sr
2018-02-11,42,Low,Low,No,No,No,0,particles/sq cm.sec.sr
2018-02-12,43,Medium,Medium,No,No,No,0,particles/sq cm.sec.sr
2018-02-13,44,Low,Low,No,No,No,0,particles/sq cm.sec.sr
2018-02-14,45,Low,Low,No,No,No,0,particles/sq cm.sec.sr
2018-02-15,46,Low,Low,No,No,No,0,particles/sq cm.sec.sr
2018-02-16,47,Low,Low,No,No,No,0,particles/sq cm.sec.sr
2018-02-17,48,Low,Low,No,No,No,0,particles/sq cm.sec.sr
2018-02-18,49,Low,Low,No,No,No,0,particles/sq cm.sec.sr
2018-02-19,50,Low,Low,No,No,No,0,particles/sq cm.sec.sr
2018-02-20,51,High,Medium,No,No,No,0,particles/sq cm.sec.sr
2018-02-21,52,High,Medium,No,No,No,0,particles/sq cm.sec.sr
2018-02-22,53,Low,Low,No,No,No,0,particles/sq cm.sec.sr
2018-02-23,54,Low,Low,No,No,No,0,particles/sq cm.sec.sr
2018-02-24,55,Low,Low,No,No,No,0,particles/sq cm.sec.sr
2018-02-25,56,Low,Low,No,No,No,0,particles/sq cm.sec.sr
2018-02-26,57,Low,Low,No,No,No,0,particles/sq cm.sec.sr
2018-02-27,58,Low,Low,No,No,No,0,particles/sq cm.sec.sr
2018-02-28,59,Low,Low,No,No,No,0,particles/sq cm.sec.sr
2018-03-01,60,Low,Low,No,No,No,0,particles/sq cm.sec.sr
2018-03-02,61,Low,Low,No,No,No,0,particles/sq cm.sec.sr
2018-03-03,62,Low,Low,No,No,No,0,particles/sq cm.sec.sr
2018-03-04,63,Low,Low,No,No,No,0,particles/sq cm.sec.sr
2018-03-05,64,Low,Low,No,No,No,0,particles/sq cm.sec.sr
2018-03-06,65,Low,Low,No,No,No,0,particles/sq cm.sec.sr
2018-03-07,66,Low,Low,No,No,No,0,particles/sq cm.sec.sr
2018-03-08,67,Low,Low,No,No,No,0,particles/sq cm.sec.sr
2018-03-09,68,Low,Low,No,No,No,0,particles/sq cm.sec.sr
2018-03-10,69,Low,Low,No,No,No,0,particles/sq cm.sec.sr
2018-03-11,70,Low,Low,No,No,No,0,particles/sq cm.sec.sr
2018-03-12,71,Low,Low,No,No,No,0,particles/sq cm.sec.sr
2018-03-13,72,Low,Low,No,No,No,0,particles/sq cm.sec.sr
2018-03-14,73,Low,Low,No,No,No,0,particles/sq cm.sec.sr
2018-03-15,74,Low,Low,No,No,No,0,particles/sq cm.sec.sr
2018-03-16,75,Low,Low,No,No,No,0,particles/sq cm.sec.sr
2018-03-17,76,Medium,Medium,No,No,No,0,particles/sq cm.sec.sr
2018-03-18,77,Medium,Medium,No,No,No,0,particles/sq cm.sec.sr
2018-03-19,78,High,Medium,No,No,No,0,particles/sq cm.sec.sr
2018-03-20,79,High,Medium,No,No,No,0,particles/sq cm.sec.sr
2018-03-21,80,High,Medium,No,No,No,0,particles/sq cm.sec.sr
2018-03-22,81,Low,Low,No,No,No,0,particles/sq cm.sec.sr
2018-03-23,82,Low,Low,No,No,No,0,particles/sq cm.sec.sr
2018-03-24,83,Low,Low,No,No,No,0,particles/sq cm.sec.sr
2018-03-25,84,Low,Low,No,No,No,0,particles/sq cm.sec.sr
2018-03-26,85,High,Medium,No,No,No,0,particles/sq cm.sec.sr
2018-03-27,86,High,Medium,No,No,No,0,particles/sq cm.sec.sr
2018-03-28,87,High,Medium,No,No,No,0,particles/sq cm.sec.sr
2018-03-29,88,High,Medium,No,No,No,0,particles/sq cm.sec.sr
2018-03-30,89,Medium,Medium,No,No,No,0,particles/sq cm.sec.sr
2018-03-31,90,Low,Low,No,No,No,0,particles/sq cm.sec.sr
2018-04-01,91,Low,Low,No,No,No,0,particles/sq cm.sec.sr
2018-04-02,92,Low,Low,No,No,No,0,particles/sq cm.sec.sr
2018-04-03,93,Low,Low,No,No,No,0,particles/sq cm.sec.sr
2018-04-04,94,Medium,Medium,No,No,No,0,particles/sq cm.sec.sr
2018-04-05,95,Low,Low,No,No,No,0,particles/sq cm.sec.sr
2018-04-06,96,Low,Low,No,No,No,0,particles/sq cm.sec.sr
2018-04-07,97,Low,Low,No,No,No,0,particles/sq cm.sec.sr
2018-04-08,98,Low,Low,No,No,No,0,particles/sq cm.sec.sr
2018-04-09,99,Low,Low,No,No,No,0,particles/sq cm.sec.sr
2018-04-10,100,Low,Low,No,No,No,0,particles/sq cm.sec.sr
2018-04-11,101,High,Medium,No,No,No,0,particles/sq cm.sec.sr
2018-04-12,102,High,Medium,No,No,No,0,particles/sq cm.sec.sr
2018-04-13,103,High,Medium,No,No,No,0,particles/sq cm.sec.sr
2018-04-14,104,Low,Low,No,No,No,0,particles/sq cm.sec.sr
2018-04-15,105,Low,Low,No,No,No,0,particles/sq cm.sec.sr
2018-04-16,106,Low,Low,No,No,No,0,particles/sq cm.sec.sr
2018-04-17,107,Low,Low,No,No,No,0,particles/sq cm.sec.sr
2018-04-18,108,Low,Low,No,No,No,0,particles/sq cm.sec.sr
2018-04-19,109,Low,Low,No,No,No,0,particles/sq cm.sec.sr
2018-04-20,110,Low,Low,No,No,No,0,particles/sq cm.sec.sr
2018-04-21,111,High,Medium,No,No,No,0,particles/sq cm.sec.sr
2018-04-22,112,High,Medium,No,No,No,0,particles/sq cm.sec.sr
2018-04-23,113,High,Medium,No,No,No,0,particles/sq cm.sec.sr
2018-04-24,114,Medium,Medium,No,No,No,0,particles/sq cm.sec.sr
2018-04-25,115,Low,Low,No,No,No,0,particles/sq cm.sec.sr
2018-04-26,116,Low,Low,No,No,No,0,particles/sq cm.sec.sr
2018-04-27,117,Low,Low,No,No,No,0,particles/sq cm.sec.sr
2018-04-28,118,Low,Low,No,No,No,0,particles/sq cm.sec.sr
2018-04-29,119,Low,Low,No,No,No,0,particles/sq cm.sec.sr
2018-04-30,120,Low,Low,No,No,No,0,particles/sq cm.sec.sr
2018-05-01,121,Low,Low,No,No,No,0,particles/sq cm.sec.sr
2018-05-02,122,Low,Low,No,No,No,0,particles/sq cm.sec.sr
2018-05-03,123,Low,Low,No,No,No,0,particles/sq cm.sec.sr
2018-05-04,124,Low,Low,No,No,No,0,particles/sq cm.sec.sr
2018-05-05,125,Low,Low,No,No,No,0,particles/sq cm.sec.sr
2018-05-06,126,Medium,Medium,No,No,No,0,particles/sq cm.sec.sr
2018-05-07,127,High,Medium,No,No,No,0,particles/sq cm.sec.sr
2018-05-08,128,High,Medium,No,No,No,0,particles/sq cm.sec.sr
2018-05-09,129,High,Medium,No,No,No,0,particles/sq cm.sec.sr
2018-05-10,130,High,Medium,No,No,No,0,particles/sq cm.sec.sr
2018-05-11,131,High,Medium,No,No,No,0,particles/sq cm.sec.sr
2018-05-12,132,High,Medium,No,No,No,0,particles/sq cm.sec.sr
2018-05-13,133,High,Medium,No,No,No,0,particles/sq cm.sec.sr
2018-05-14,134,High,Medium,No,No,No,0,particles/sq cm.sec.sr
2018-05-15,135,High,Medium,No,No,No,0,particles/sq cm.sec.sr
2018-05-16,136,Medium,Medium,No,No,No,0,particles/sq cm.sec.sr
2018-05-17,137,Low,Low,No,No,No,0,particles/sq cm.sec.sr
2018-05-18,138,Low,Low,No,No,No,0,particles/sq cm.sec.sr
2018-05-19,139,Low,Low,No,No,No,0,particles/sq cm.sec.sr
2018-05-20,140,Low,Low,No,No,No,0,particles/sq cm.sec.sr
2018-05-21,141,Low,Low,No,No,No,0,particles/sq cm.sec.sr
2018-05-22,142,Low,Low,No,No,No,0,particles/sq cm.sec.sr
2018-05-23,143,Low,Low,No,No,No,0,particles/sq cm.sec.sr
2018-05-24,144,Low,Low,No,No,No,0,particles/sq cm.sec.sr
2018-05-25,145,Low,Low,No,No,No,0,particles/sq cm.sec.sr
2018-05-26,146,Low,Low,No,No,No,0,particles/sq cm.sec.sr
2018-05-27,147,Low,Low,No,No,No,0,particles/sq cm.sec.sr
2018-05-28,148,Low,Low,No,No,No,0,particles/sq cm.sec.sr
2018-05-29,149,Medium,Medium,No,No,No,0,particles/sq cm.sec.sr
2018-05-30,150,Low,Low,No,No,No,0,particles/sq cm.sec.sr
2018-05-31,151,Low,Low,No,No,No,0,particles/sq cm.sec.sr
2018-06-01,152,Low,Low,No,No,No,0,particles/sq cm.sec.sr
2018-06-02,153,High,Medium,No,No,No,0,particles/sq cm.sec.sr
2018-06-03,154,High,Medium,No,No,No,0,particles/sq cm.sec.sr
2018-06-04,155,High,Medium,No,No,No,0,particles/sq cm.sec.sr
2018-06-05,156,High,Medium,No,No,No,0,particles/sq cm.sec.sr
2018-06-06,157,High,Medium,No,No,No,0,particles/sq cm.sec.sr
2018-06-07,158,Low,Low,No,No,No,0,particles/sq cm.sec.sr
2018-06-08,159,Low,Low,No,No,No,0,particles/sq cm.sec.sr
2018-06-09,160,Low,Low,No,No,No,0,particles/sq cm.sec.sr
2018-06-10,161,Low,Low,No,No,No,0,particles/sq cm.sec.sr
2018-06-11,162,Low,Low,No,No,No,0,particles/sq cm.sec.sr
2018-06-12,163,Low,Low,No,No,No,0,particles/sq cm.sec.sr
2018-06-13,164,Low,Low,No,No,No,0,particles/sq cm.sec.sr
2018-06-14,165,Low,Low,No,No,No,0,particles/sq cm.sec.sr
2018-06-15,166,Low,Low,No,No,No,0,particles/sq cm.sec.sr
2018-06-16,167,Low,Low,No,No,No,0,particles/sq cm.sec.sr
2018-06-17,168,Low,Low,No,No,No,0,particles/sq cm.sec.sr
2018-06-18,169,Low,Low,No,No,No,0,particles/sq cm.sec.sr
2018-06-19,170,Low,Low,No,No,No,0,particles/sq cm.sec.sr
2018-06-20,171,Low,Low,No,No,No,0,particles/sq cm.sec.sr
2018-06-21,172,Low,Low,No,No,No,0,particles/sq cm.sec.sr
2018-06-22,173,Low,Low,No,No,No,0,particles/sq cm.sec.sr
2018-06-23,174,Low,Low,No,No,No,0,particles/sq cm.sec.sr
2018-06-24,175,Low,Low,No,No,No,0,particles/sq cm.sec.sr
2018-06-25,176,Low,Low,No,No,No,0,particles/sq cm.sec.sr
2018-06-26,177,Low,Low,No,No,No,0,particles/sq cm.sec.sr
2018-06-27,178,Low,Low,No,No,No,0,particles/sq cm.sec.sr
2018-06-28,179,High,Medium,No,No,No,0,particles/sq cm.sec.sr
2018-06-29,180,Low,Low,No,No,No,0,particles/sq cm.sec.sr
2018-06-30,181,Low,Low,No,No,No,0,particles/sq cm.sec.sr
2018-07-01,182,Low,Low,No,No,No,0,particles/sq cm.sec.sr
2018-07-02,183,Low,Low,No,No,No,0,particles/sq cm.sec.sr
2018-07-03,184,Low,Low,No,No,No,0,particles/sq cm.sec.sr
2018-07-04,185,Low,Low,No,No,No,0,particles/sq cm.sec.sr
2018-07-05,186,Low,Low,No,No,No,0,particles/sq cm.sec.sr
2018-07-06,187,Low,Low,No,No,No,0,particles/sq cm.sec.sr
2018-07-07,188,Low,Low,No,No,No,0,particles/sq cm.sec.sr
2018-07-08,189,Low,Low,No,No,No,0,particles/sq cm.sec.sr
2018-07-09,190,Low,Low,No,No,No,0,particles/sq cm.sec.sr
2018-07-10,191,Low,Low,No,No,No,0,particles/sq cm.sec.sr
2018-07-11,192,Low,Low,No,No,No,0,particles/sq cm.sec.sr
2018-07-12,193,Low,Low,No,No,No,0,particles/sq cm.sec.sr
2018-07-13,194,Low,Low,No,No,No,0,particles/sq cm.sec.sr
2018-07-14,195,Low,Low,No,No,No,0,particles/sq cm.sec.sr
2018-07-15,196,Low,Low,No,No,No,0,particles/sq cm.sec.sr
2018-07-16,197,Low,Low,No,No,No,0,particles/sq cm.sec.sr
2018-07-17,198,Low,Low,No,No,No,0,particles/sq cm.sec.sr
2018-07-18,199,Low,Low,No,No,No,0,particles/sq cm.sec.sr
2018-07-19,200,Low,Low,No,No,No,0,particles/sq cm.sec.sr
2018-07-20,201,Low,Low,No,No,No,0,particles/sq cm.sec.sr
2018-07-21,202,Low,Low,No,No,No,0,particles/sq cm.sec.sr
2018-07-22,203,Low,Low,No,No,No,0,particles/sq cm.sec.sr
2018-07-23,204,Low,Low,No,No,No,0,particles/sq cm.sec.sr
2018-07-24,205,Low,Low,No,No,No,0,particles/sq cm.sec.sr
2018-07-25,206,High,Medium,No,No,No,0,particles/sq cm.sec.sr
2018-07-26,207,Low,Low,No,No,No,0,particles/sq cm.sec.sr
2018-07-27,208,Low,Low,No,No,No,0,particles/sq cm.sec.sr
2018-07-28,209,Low,Low,No,No,No,0,particles/sq cm.sec.sr
2018-07-29,210,Low,Low,No,No,No,0,particles/sq cm.sec.sr
2018-07-30,211,Low,Low,No,No,No,0,particles/sq cm.sec.sr
2018-07-31,212,Low,Low,No,No,No,0,particles/sq cm.sec.sr
2018-08-01,213,Low,Low,No,No,No,0,particles/sq cm.sec.sr
2018-08-02,214,Low,Low,No,No,No,0,particles/sq cm.sec.sr
2018-08-03,215,Low,Low,No,No,No,0,particles/sq cm.sec.sr
2018-08-04,216,Low,Low,No,No,No,0,particles/sq cm.sec.sr
2018-08-05,217,Low,Low,No,No,No,0,particles/sq cm.sec.sr
2018-08-06,218,Low,Low,No,No,No,0,particles/sq cm.sec.sr
2018-08-07,219,Low,Low,No,No,No,0,particles/sq cm.sec.sr
2018-08-08,220,Low,Low,No,No,No,0,particles/sq cm.sec.sr
2018-08-09,221,Low,Low,No,No,No,0,particles/sq cm.sec.sr
2018-08-10,222,Low,Low,No,No,No,0,particles/sq cm.sec.sr
2018-08-11,223,Low,Low,No,No,No,0,particles/sq cm.sec.sr
2018-08-12,224,Low,Low,No,No,No,0,particles/sq cm.sec.sr
2018-08-13,225,Low,Low,No,No,No,0,particles/sq cm.sec.sr
2018-08-14,226,Low,Low,No,No,No,0,particles/sq cm.sec.sr
2018-08-15,227,Low,Low,No,No,No,0,particles/sq cm.sec.sr
2018-08-16,228,Low,Low,No,No,No,0,particles/sq cm.sec.sr
2018-08-17,229,Low,Low,No,No,No,0,particles/sq cm.sec.sr
2018-08-18,230,Low,Low,No,No,No,0,particles/sq cm.sec.sr
2018-08-19,231,High,Medium,No,No,No,0,particles/sq cm.sec.sr
2018-08-20,232,Low,Low,No,No,No,0,particles/sq cm.sec.sr
2018-08-21,233,High,Medium,No,No,No,0,particles/sq cm.sec.sr
2018-08-22,234,Low,Low,No,No,No,0,particles/sq cm.sec.sr
2018-08-23,235,Low,Low,No,No,No,0,particles/sq cm.sec.sr
2018-08-24,236,Low,Low,No,No,No,0,particles/sq cm.sec.sr
2018-08-25,237,Low,Low,No,No,No,0,particles/sq cm.sec.sr
2018-08-26,238,Low,Low,No,No,No,0,particles/sq cm.sec.sr
2018-08-27,239,High,Medium,No,No,No,0,particles/sq cm.sec.sr
2018-08-28,240,High,Medium,No,No,No,0,particles/sq cm.sec.sr
2018-08-29,241,High,Medium,No,No,No,0,particles/sq cm.sec.sr
2018-08-30,242,High,Medium,No,No,No,0,particles/sq cm.sec.sr
2018-08-31,243,High,Medium,No,No,No,0,particles/sq cm.sec.sr
